{
  "loss": [
    0.00040151530993171036,
    0.0003678028588183224,
    0.0003661555820144713,
    0.0003640801878646016,
    0.0003615773166529834,
    0.0003397453110665083,
    0.00031995101016946137,
    0.000305917055811733,
    0.00030103535391390324,
    0.00029608202748931944,
    0.0002861780230887234,
    0.000283247500192374,
    0.00028024279163219035,
    0.0002738820621743798,
    0.00027413381030783057,
    0.00026898138457909226,
    0.00026900385273620486,
    0.00026532140327617526,
    0.0002665507490746677,
    0.00026703329058364034,
    0.0002652446273714304,
    0.0002641782339196652,
    0.00026323727797716856,
    0.00026214317767880857,
    0.00025776453549042344,
    0.00025925846421159804,
    0.0002612104290165007,
    0.0002614577824715525
  ],
  "val_loss": [
    0.00044673075899481773,
    0.0004415169532876462,
    0.00043948108213953674,
    0.0004393558483570814,
    0.0004143669502809644,
    0.0003835899697151035,
    0.0003313144843559712,
    0.000314731354592368,
    0.0003362530842423439,
    0.0003266788844484836,
    0.00030642878846265376,
    0.00030713705928064883,
    0.0003141336201224476,
    0.0002979814016725868,
    0.0002985890314448625,
    0.0003080943424720317,
    0.0003073264379054308,
    0.00028099960763938725,
    0.0002939063706435263,
    0.00029967466252855957,
    0.0002866411523427814,
    0.0002975091047119349,
    0.0002909909235313535,
    0.00028464625938795507,
    0.0002880466927308589,
    0.000291206146357581,
    0.00028834803379140794,
    0.00029141289996914566
  ]
}